{
  "hash": "448f9a2b",
  "configHash": "cea7d543",
  "lockfileHash": "6cb8ffe3",
  "browserHash": "978be814",
  "optimized": {
    "@angular/core": {
      "src": "../../../../../node_modules/@angular/core/fesm2022/core.mjs",
      "file": "@angular_core.js",
      "fileHash": "f7359b0a",
      "needsInterop": false
    },
    "@angular/platform-browser": {
      "src": "../../../../../node_modules/@angular/platform-browser/fesm2022/platform-browser.mjs",
      "file": "@angular_platform-browser.js",
      "fileHash": "f15d0110",
      "needsInterop": false
    },
    "@angular/router": {
      "src": "../../../../../node_modules/@angular/router/fesm2022/router.mjs",
      "file": "@angular_router.js",
      "fileHash": "f8cb7ade",
      "needsInterop": false
    },
    "@angular/common/http": {
      "src": "../../../../../node_modules/@angular/common/fesm2022/http.mjs",
      "file": "@angular_common_http.js",
      "fileHash": "b532d55f",
      "needsInterop": false
    },
    "@angular/common": {
      "src": "../../../../../node_modules/@angular/common/fesm2022/common.mjs",
      "file": "@angular_common.js",
      "fileHash": "08dc13b8",
      "needsInterop": false
    },
    "@angular/forms": {
      "src": "../../../../../node_modules/@angular/forms/fesm2022/forms.mjs",
      "file": "@angular_forms.js",
      "fileHash": "8dc58b35",
      "needsInterop": false
    }
  },
  "chunks": {
    "chunk-T35DB676": {
      "file": "chunk-T35DB676.js"
    },
    "chunk-54TEGARX": {
      "file": "chunk-54TEGARX.js"
    },
    "chunk-BDSR2EP6": {
      "file": "chunk-BDSR2EP6.js"
    },
    "chunk-NGLUOGFD": {
      "file": "chunk-NGLUOGFD.js"
    }
  }
}